Board State,Action Probabilities,Player
"0,0,0,0,0,0,0,0,0,0,0,0,0,0,0,0,0,0,0,0,0,0,0,0,0","0.010225563909774436,0.013433583959899749,0.016140350877192983,0.03769423558897243,0.08681704260651629,0.035288220551378445,0.0293734335839599,0.07007518796992482,0.08050125313283207,0.038997493734335836,0.022957393483709274,0.050025062656641604,0.04802005012531328,0.032882205513784464,0.03418546365914787,0.029072681704260653,0.08340852130325814,0.11528822055137844,0.018646616541353384,0.01243107769423559,0.04180451127819549,0.035789473684210524,0.029674185463659148,0.02025062656641604,0.007017543859649123",-1
"0,0,0,0,0,0,0,0,0,0,0,0,0,0,0,0,0,-1,0,0,0,0,0,0,0","0.01896458745281323,0.009976631314039187,0.02759302534603631,0.03280603990652525,0.0502426748157469,0.0257954341182815,0.028401941398525976,0.013931332015099766,0.027772784468811793,0.01474024806758943,0.025975193241056984,0.03163760560848463,0.017706273593384864,0.013481934208161064,0.01258313859428366,0.08197015998561927,0.3824375337048355,0,0.01492000719036491,0.01258313859428366,0.07325184253100844,0.024716879381628618,0.017256875786446163,0.021840733417220926,0.019413985259751933",1
"0,0,0,0,0,0,0,0,0,0,0,0,0,0,0,0,1,-1,0,0,0,0,0,0,0","0.012366498032602586,0.021852164137155704,0.016160764474423835,0.03316469926925239,0.08501967397414277,0.01967397414277684,0.027894884766722878,0.07145868465430016,0.07047498594716133,0.036888701517706575,0.006253513209668353,0.08129567172568859,0.214938167509837,0.026630129286115797,0.020587408656548623,0.017776840921866217,0,0,0.03576447442383361,0.02452220348510399,0.05269814502529511,0.08066329398538505,0.018409218662169758,0.005831928049465992,0.01967397414277684",-1
"0,0,0,0,0,0,0,0,0,0,0,0,-1,0,0,0,1,-1,0,0,0,0,0,0,0","0.008974457313799186,0.008974457313799186,0.014343790749405538,0.004832400092045716,0.023318248063204726,0.008974457313799186,0.0183324384444274,0.020096648001840915,0.004065352458387666,0.017258571757306128,0.024392114750325995,0.7571527191838613,0,0.0029147810079005907,0.004448876275216691,0.006596609649459231,0,0,0.007440362046483086,0.006750019176190842,0.02999156247602976,0.014343790749405538,0.008130704916775332,0.005369333435606351,0.0032983048247296155",1
"0,0,0,0,0,0,0,0,0,0,0,1,-1,0,0,0,1,-1,0,0,0,0,0,0,0","0.024785894206549117,0.06866498740554156,0.03143576826196474,0.0582367758186398,0.08312342569269521,0.03214105793450882,0.12065491183879093,0.12327455919395466,0.051738035264483624,0.011889168765743073,0.048261964735516374,0,0,0.06609571788413099,0.03324937027707808,0.014760705289672544,0,0,0.040654911838790934,0.011486146095717884,0.04211586901763224,0.048413098236775816,0.023123425692695213,0.019848866498740556,0.04604534005037783",-1
"0,0,0,0,0,0,0,-1,0,0,0,1,-1,0,0,0,1,-1,0,0,0,0,0,0,0","0.007242295002816448,0.00764464472519514,0.0025750382232236258,0.003379737667981009,0.004586786835117084,0.0024140983342721494,0.8969180011265793,0,0.0027359781121751026,0.011748611893457793,0.0012070491671360747,0,0,0.009414983503661382,0.0032187977790295325,0.0028969180011265794,0,0,0.0056328961133016815,0.010702502615273196,0.013277540838496821,0.006518065502534804,0.0010461092781845981,0.00474772672406856,0.0020922185563691962",1
"0,0,0,0,0,0,1,-1,0,0,0,1,-1,0,0,0,1,-1,0,0,0,0,0,0,0","0.09868888152600937,0.10910209684290245,0.08974298291286031,0.01831779239835282,0.023477067259904387,0.1027121692620817,0,0,0.05963932408766034,0.07062053296729304,0.04023287736072324,0,0,0.030340322809674823,0.032612297060633316,0.03138164434136413,0,0,0.06744923557533014,0.04851611681734274,0.043782837127845885,0.04922610877076727,0.019406446726937095,0.03289629384200313,0.03185497231031382",-1
"0,-1,0,0,0,0,1,-1,0,0,0,1,-1,0,0,0,1,-1,0,0,0,0,0,0,0","0.009685032961666803,0,0.9191828762106291,0.003255473264425816,0.0039879547489216245,0.0021160576218767803,0,0,0.006836493855294213,0.003255473264425816,0.002441604948319362,0,0,0.00406934158053227,0.0039879547489216245,0.002441604948319362,0,0,0.002604378611540653,0.0043948889069748516,0.007894522666232603,0.011556930088711646,0.0038251810857003335,0.0033368600960364614,0.00512737039147066",1
"0,-1,1,0,0,0,1,-1,0,0,0,1,-1,0,0,0,1,-1,0,0,0,0,0,0,0","0.06072284626592095,0,0,0.06476476946938008,0.06114583822907365,0.05950086948347982,0,0,0.05827889270103868,0.06034685340978521,0.06034685340978521,0,0,0.05498895520985101,0.05461296235371528,0.05950086948347982,0,0,0.05827889270103868,0.06156883019222635,0.052920994501104476,0.04920806504676411,0.06194482304836208,0.05912487662734408,0.06274380786765052",-1
"0,-1,1,-1,0,0,1,-1,0,0,0,1,-1,0,0,0,1,-1,0,0,0,0,0,0,0","0.006248899841577187,0,0,0,0.005544798450976941,0.0038725576483013553,0,0,0.0053687731033268795,0.009153318077803204,0.009153318077803204,0,0,0.007217039253652526,0.0033444816053511705,0.003432494279176201,0,0,0.004576659038901602,0.0053687731033268795,0.4611864108431614,0.46127442351698644,0.0063369125154022175,0.003960570322126386,0.003960570322126386",1
"0,0,0,0,0,0,0,0,0,0,0,0,0,0,0,0,0,0,0,0,0,0,0,0,0","0.014235588972431077,0.029072681704260653,0.017543859649122806,0.012030075187969926,0.08511278195488722,0.011027568922305764,0.0380952380952381,0.011829573934837093,0.09634085213032581,0.026466165413533835,0.006516290726817042,0.09203007518796992,0.0856140350877193,0.05794486215538847,0.04030075187969925,0.01974937343358396,0.08280701754385965,0.05944862155388471,0.037894736842105266,0.02055137844611529,0.05473684210526316,0.01804511278195489,0.03298245614035088,0.02155388471177945,0.028070175438596492",1
"0,0,0,0,0,0,0,0,1,0,0,0,0,0,0,0,0,0,0,0,0,0,0,0,0","0.033647252445826094,0.02075523452500686,0.014994971198683368,0.08009509006125995,0.060071317545944955,0.02203529304196763,0.019018012251988663,0.013806345432934077,0,0.007954649355399104,0.027886989119502607,0.03895035201609216,0.12242845387217702,0.07945506080277956,0.04580780835695346,0.025144006583158088,0.0650086861113651,0.060711346804425345,0.0643686568528847,0.02075523452500686,0.059888452043521986,0.06144280881411722,0.03300722318734571,0.009874737130840267,0.012892017920819237",-1
"0,0,0,0,0,0,0,0,1,0,0,0,-1,0,0,0,0,0,0,0,0,0,0,0,0","0.009544008483563097,0.006451042771297278,0.013255567338282079,0.0069812654648285614,0.018204312477907388,0.009544008483563097,0.012725344644750796,0.010427712972781902,0,0.027836691410392366,0.016083421703782255,0.019441498762813716,0,0.5919936373276776,0.03614351360904913,0.0331389183457052,0.035171438670908446,0.03031106398020502,0.022622834924001415,0.009809119830328738,0.03693884764934606,0.017497348886532343,0.008925415341109933,0.01016260162601626,0.0167903852951573",1
"0,0,0,0,0,0,0,0,1,0,0,0,-1,1,0,0,0,0,0,0,0,0,0,0,0","0.017689032799664207,0.013251783893985729,0.05264735863764466,0.11380943814834803,0.09456137194939138,0.018708400791509264,0.013491635186184566,0.03513821430712958,0,0.012232415902140673,0.018888289260658393,0.031780296216345864,0,0,0.01906817772980752,0.022965761228038617,0.04641122504047491,0.10853270971997361,0.1311986568327637,0.0405348683816034,0.06511962583198418,0.06691851052347544,0.02260598428974036,0.030461114109252264,0.02398512921988367",-1
"0,0,0,0,0,0,0,0,1,0,0,0,-1,1,0,0,0,0,-1,0,0,0,0,0,0","0.005013561272293909,0.008054573847291855,0.01167091312566779,0.010766828306073806,0.011342155009451797,0.003945097394591929,0.004520424097969919,0.013396893235801758,0,0.005013561272293909,0.0076436262020218625,0.007561436672967864,0,0,0.007314868085805868,0.014300978055395742,0.005177940330401907,0.8435111366811868,0,0.0035341497493219364,0.003698528807429933,0.01610914769458371,0.011013396893235801,0.0035341497493219364,0.0028766335168899483",1
"0,0,0,0,0,0,0,0,1,0,0,0,-1,1,0,0,0,1,-1,0,0,0,0,0,0","0.023711900410018277,0.031072469495628117,0.03052907177789853,0.1085313441683545,0.10052857777997333,0.025638492318332262,0.04075482882971892,0.05937855061008744,0,0.016697129872054538,0.03512325248233957,0.03601244874771526,0,0,0.037840241070987504,0.051672182976831495,0.05587116534110557,0,0,0.04569480808180606,0.09099441782344514,0.07409968878130711,0.08417724645556489,0.02796028256681322,0.023711900410018277",-1
"0,0,0,-1,0,0,0,0,1,0,0,0,-1,1,0,0,0,1,-1,0,0,0,0,0,0","0.014534406306454261,0.00788306782722943,0.012809985219247824,0,0.8509607488914436,0.004352110362949581,0.012563639349646905,0.011988832320578091,0,0.0056659550008211525,0.008293644276564297,0.006651338479224831,0,0,0.0019707669568073574,0.0068155690589587785,0.011085564132041386,0,0,0.008211528986697324,0.014698636886188209,0.0047626868122844475,0.009032681885367055,0.006076531450156019,0.0016423057973394646",1
"0,0,0,-1,1,0,0,0,1,0,0,0,-1,1,0,0,0,1,-1,0,0,0,0,0,0","0.03951830916687147,0.0486606045711477,0.04482673875645122,0,0,0.04290980584910297,0.03760137625952322,0.04000983042516589,0,0.04148439420004915,0.03946915704104202,0.04767756205455886,0,0,0.06247235192922094,0.06561808798230523,0.05883509461784222,0,0,0.06379945932661588,0.07495699188989924,0.09540427623494716,0.08503317768493487,0.05564020643892848,0.05608257557139346",-1
"0,0,0,-1,1,0,0,0,1,0,0,0,-1,1,0,0,0,1,-1,0,0,-1,0,0,0","0.0036061724253606173,0.005535055350553505,0.004277088225427709,0,0,0.00897349882589735,0.004864139550486414,0.005954377725595438,0,0.00637370010063737,0.00872190540087219,0.01107011070110701,0,0,0.00519959745051996,0.0037739013753773903,0.009979872525997987,0,0,0.006289835625628983,0.036648775578664874,0,0.8661522978866152,0.005451190875545119,0.007128480375712848",1
"0,0,0,0,0,0,0,0,0,0,0,0,0,0,0,0,0,0,0,0,0,0,0,0,0","0.015639097744360904,0.026967418546365914,0.00862155388471178,0.034085213032581455,0.06506265664160402,0.012932330827067668,0.058045112781954886,0.0481203007518797,0.09864661654135339,0.05473684210526316,0.0031077694235588974,0.03869674185463659,0.08972431077694236,0.08030075187969925,0.017343358395989977,0.04150375939849624,0.03849624060150376,0.04621553884711779,0.02636591478696742,0.0324812030075188,0.10716791979949875,0.017343358395989977,0.01944862155388471,0.007919799498746867,0.011027568922305764",-1
"0,0,0,0,0,0,0,0,0,0,0,0,0,0,0,0,0,0,0,0,-1,0,0,0,0","0.01955636034404708,0.018469895880488908,0.022634676324128564,0.024083295608872794,0.11281122679945677,0.01937528293345405,0.030511543684925306,0.046174739701222274,0.14748755092802174,0.058306926210955186,0.025622453598913537,0.03576278859212313,0.045812584880036214,0.024354911724762337,0.022363060208239024,0.009597102761430512,0.08057944771389769,0.06075147125396107,0.04309642372114079,0.016478044363965594,0,0.05359891353553644,0.022181982797645994,0.05033952014486193,0.010049796287913082",1
"0,0,0,0,0,0,0,0,1,0,0,0,0,0,0,0,0,0,0,0,-1,0,0,0,0","0.014561433741168361,0.013527485783215578,0.013527485783215578,0.04463208685162847,0.044890573841116665,0.016629329657073928,0.005169739789763915,0.012062726176115802,0,0.019128037222126488,0.019128037222126488,0.015336894709632948,0.03532655523005342,0.14733758400827157,0.08461140789246942,0.012665862484921592,0.05023263829053937,0.097708082026538,0.13208685162846803,0.02059279682922626,0,0.09512321213165605,0.044804411511287265,0.043684301223505084,0.01723246596587972",-1
"0,0,0,0,0,0,0,0,1,0,0,0,0,-1,0,0,0,0,0,0,-1,0,0,0,0","0.01591375770020534,0.011293634496919919,0.019678302532511977,0.02523956194387406,0.059291581108829566,0.02737850787132101,0.02147501711156742,0.027121834360027377,0,0.07306639288158795,0.02335728952772074,0.02190280629705681,0.2632614647501711,0,0.04286447638603696,0.00838466803559206,0.08684120465434633,0.07879876796714579,0.01591375770020534,0.014972621492128678,0,0.05783709787816564,0.061344969199178645,0.02147501711156742,0.022587268993839837",1
"0,0,0,0,0,0,0,0,1,0,0,0,1,-1,0,0,0,0,0,0,-1,0,0,0,0","0.00742953431372549,0.003829656862745098,0.014169730392156863,0.002144607843137255,0.021292892156862746,0.0062040441176470585,0.0055147058823529415,0.004518995098039216,0,0.0031403186274509805,0.010033700980392158,0.00666360294117647,0,0,0.013556985294117647,0.005438112745098039,0.018152573529411766,0.7926623774509803,0.007735906862745098,0.005667892156862745,0,0.04342830882352941,0.016467524509803922,0.004518995098039216,0.00742953431372549",-1
"0,0,0,0,0,0,0,0,1,0,0,0,1,-1,0,0,0,-1,0,0,-1,0,0,0,0","0.025972748290619314,0.022676963943135422,0.037040680800826405,0.041910571105317526,0.04437011166314132,0.034236804564907276,0.03079344778395396,0.03536819322150622,0,0.15470510108711694,0.031186974273205766,0.022283437453883614,0,0,0.17487333366127208,0.013576663879187368,0.037630970534704114,0,0.08342761572138324,0.06124255988981258,0,0.04363224949579419,0.02307049043238723,0.04323872300654238,0.03876235919130307",1
"0,0,0,0,0,0,0,0,1,0,0,0,1,-1,1,0,0,-1,0,0,-1,0,0,0,0","0.0014036643026004729,0.008348108747044917,0.0030289598108747045,0.010786052009456265,0.004802009456264775,0.008052600472813238,0.00960401891252955,0.0035460992907801418,0,0.8438238770685579,0.004802009456264775,0.011155437352245863,0,0,0,0.0035460992907801418,0.01145094562647754,0,0.00591016548463357,0.003324468085106383,0,0.053930260047281325,0.0062056737588652485,0.0008865248226950354,0.005393026004728132",-1
"0,0,0,0,0,0,0,0,1,-1,0,0,1,-1,1,0,0,-1,0,0,-1,0,0,0,0","0.0549430013081667,0.056111007288357315,0.05723229302934031,0.055783965613903946,0.056111007288357315,0.0541954774808447,0.0549430013081667,0.056111007288357315,0,0,0.0583535787703233,0.056111007288357315,0,0,0,0.0549430013081667,0.053074191739861706,0,0.056484769202018316,0.056111007288357315,0,0.05344795365352271,0.056484769202018316,0.05344795365352271,0.056111007288357315",1
"0,0,0,0,0,0,0,0,1,-1,1,0,1,-1,1,0,0,-1,0,0,-1,0,0,0,0","0.0032941595441595443,0.00819088319088319,0.005252849002849003,0.005608974358974359,0.008636039886039885,0.009526353276353277,0.006944444444444444,0.007656695156695157,0,0,0,0.004896723646723646,0,0,0,0.009437321937321937,0.4420405982905983,0,0.006321225071225072,0.013888888888888888,0,0.4420405982905983,0.008547008547008548,0.010505698005698005,0.007211538461538462",-1
"0,0,0,0,0,0,0,0,0,0,0,0,0,0,0,0,0,0,0,0,0,0,0,0,0","0.008220551378446116,0.008421052631578947,0.036591478696741855,0.012230576441102757,0.0862155388471178,0.02245614035087719,0.044010025062656645,0.02666666666666667,0.08461152882205514,0.02155388471177945,0.037092731829573934,0.07839598997493734,0.020350877192982456,0.0761904761904762,0.03298245614035088,0.02957393483709273,0.11659147869674186,0.07137844611528822,0.04802005012531328,0.015739348370927317,0.04150375939849624,0.029273182957393482,0.014035087719298246,0.017042606516290727,0.020852130325814535",-1
"0,0,0,0,0,0,0,0,0,0,0,0,0,0,0,0,-1,0,0,0,0,0,0,0,0","0.024239159709130084,0.012119579854565042,0.029805188975671065,0.06903671783822606,0.03447347158631834,0.008349043899811474,0.03573031690456953,0.010234311877188257,0.05503187000628423,0.03815423287548254,0.012119579854565042,0.013915073166352456,0.11500134661998385,0.0238800610467726,0.044618008797917226,0.031062034293922257,0,0.19490079899452376,0.03860310620342939,0.02621420235209624,0.03860310620342939,0.04856809408384954,0.036358739563695126,0.02100727174791274,0.0379746835443038",1
"0,0,0,0,0,0,0,0,0,0,0,0,0,0,0,0,-1,1,0,0,0,0,0,0,0","0.009878169245966415,0.024613105037866314,0.018850839644385907,0.03407968389858413,0.07416858742179783,0.00675008231807705,0.019509384260783667,0.03523213697728021,0.03901876852156733,0.024448468883766877,0.026341784655910437,0.038113269674020414,0.4488804741521238,0.03473822851498189,0.010536713862364174,0.024366150806717154,0,0,0.019509384260783667,0.019509384260783667,0.021896608495225553,0.02090879157062891,0.03663154428712545,0.008067171550872571,0.003951267698386566",-1
"0,0,0,0,0,0,0,0,0,0,0,0,-1,0,0,0,-1,1,0,0,0,0,0,0,0","0.014969865854448837,0.025533017950878104,0.007841358304711296,0.02715313330309118,0.09921586416952886,0.019441384226556932,0.024301730283196165,0.019765407296999545,0.07011859244378199,0.06201801568271661,0.025014581038169916,0.024496144125461732,0,0.22811224159160132,0.04944592054954313,0.14088523102844921,0,0,0.029615708638455057,0.0162659581362193,0.06273086643769037,0.0061564383384096946,0.008813427516039142,0.018534119629317607,0.019570993454733978",1
"0,0,0,0,0,0,0,0,0,0,0,0,-1,1,0,0,-1,1,0,0,0,0,0,0,0","0.005333728424327728,0.009852581672716498,0.005111489739980739,0.009185865619675531,0.017556856063412105,0.008963626935328543,0.006148603600266686,0.002000148159122898,0.8582857989480702,0.004296614564041781,0.004667012371286762,0.004296614564041781,0,0,0.002370545966367879,0.007926513075042595,0,0,0.005333728424327728,0.008519149566634566,0.007333876583450626,0.009037706496777539,0.015112230535595229,0.004889251055633751,0.003778057633898807",-1
"0,0,0,0,0,0,0,0,-1,0,0,0,-1,1,0,0,-1,1,0,0,0,0,0,0,0","0.031948437355095984,0.03621441157377353,0.025642214597050912,0.03245849948993786,0.0425206343318186,0.04618380784568302,0.057080589817305016,0.037466382268385424,0,0.0377909672632848,0.06681813966428637,0.027079662431605304,0,0,0.024158397477510897,0.17017527589724565,0,0,0.026152276731892795,0.029769080960771584,0.18700732634702774,0.029583603820829082,0.03533339515904665,0.03653899656867291,0.020077900398775852",1
"0,0,0,0,0,0,0,0,-1,0,0,0,-1,1,0,0,-1,1,0,0,1,0,0,0,0","0.005994005994005994,0.0044241472812901386,0.006778935350363922,0.004923647780790638,0.043313829028114745,0.005994005994005994,0.01998001998001998,0.010418153275296133,0,0.030540887683744827,0.008348794063079777,0.01141715427429713,0,0,0.0065648637077208504,0.8063365206222349,0,0,0.00413871842443271,0.004923647780790638,0,0.0045668617097188524,0.00949050949050949,0.008206079634651062,0.003639217924932211",-1
"0,0,0,0,0,0,0,0,-1,0,0,0,-1,1,0,-1,-1,1,0,0,1,0,0,0,0","0.054318203176393194,0.0585001409641951,0.053190489615637625,0.0585001409641951,0.050512169908843156,0.056197725777652474,0.05394229865614134,0.05882905741941547,0,0.0501362653885913,0.05882905741941547,0.053190489615637625,0,0,0.055445916737148764,0,0,0,0.055445916737148764,0.0585001409641951,0,0.05774833192369138,0.05469410769664505,0.05657363029790433,0.055445916737148764",1
"0,0,0,0,0,0,0,1,-1,0,0,0,-1,1,0,-1,-1,1,0,0,1,0,0,0,0","0.006942590120160214,0.005073431241655541,0.005785491766800178,0.006408544726301735,0.4459279038718291,0.004005340453938585,0.006230529595015576,0,0,0.4459279038718291,0.013974187805963507,0.006141522029372497,0,0,0.008633733867378727,0,0,0,0.006942590120160214,0.006675567423230975,0,0.006141522029372497,0.009790832220738763,0.009701824655095684,0.005696484201157099",-1
"0,0,0,0,0,0,0,0,0,0,0,0,0,0,0,0,0,0,0,0,0,0,0,0,0","0.012230576441102757,0.0293734335839599,0.015137844611528822,0.012932330827067668,0.08421052631578947,0.03679197994987469,0.023358395989974936,0.03568922305764411,0.09664160401002506,0.03137844611528822,0.015639097744360904,0.04581453634085213,0.1031578947368421,0.07829573934837093,0.032180451127819545,0.03889724310776942,0.0950375939849624,0.020050125313283207,0.03508771929824561,0.019849624060150377,0.0737844611528822,0.012731829573934837,0.024360902255639097,0.0035087719298245615,0.023859649122807018",1
"0,0,0,0,0,0,0,0,0,0,0,0,1,0,0,0,0,0,0,0,0,0,0,0,0","0.023898228078146296,0.04461608359836438,0.030622444343480236,0.03498409813721036,0.047069513857337576,0.01372103589277601,0.0275329395729214,0.1704679691049523,0.08250795093139482,0.023080417991821898,0.017900954111767377,0.029986369831894594,0,0.02598818718764198,0.014357110404361655,0.02707860063607451,0.06060881417537483,0.09468423443889142,0.022807814629713766,0.03416628805088596,0.07887323943661972,0.04870513402998637,0.027260336210813266,0.010358927760109042,0.008723307587460245",-1
"0,0,0,0,0,0,0,-1,0,0,0,0,1,0,0,0,0,0,0,0,0,0,0,0,0","0.008942883658145617,0.007930481734581963,0.003121572597654602,0.02007930481734582,0.05779127647009196,0.021007339913945836,0.02168227452965494,0,0.6009449084619928,0.013329958660254788,0.010208386062600185,0.037880705306673416,0,0.013751792795072977,0.012233189909727495,0.013161225006327512,0.02126044039483675,0.026997384628364127,0.006749346157091032,0.016198430777018477,0.020163671644309458,0.022779043280182234,0.017042099046654855,0.02083860626001856,0.005905677887454653",1
"0,0,0,0,0,0,0,-1,1,0,0,0,1,0,0,0,0,0,0,0,0,0,0,0,0","0.0028653295128939827,0.01631483538974329,0.010467224138939243,0.0653178176714812,0.07654523127302497,0.015788550377170925,0.02532015671598152,0,0,0.014560552014502076,0.009882463013858839,0.02163616162797497,0,0.03508566750482428,0.03578738085492077,0.013332553651833227,0.13893924331910415,0.11683527279106486,0.02999824571662476,0.03163557686684989,0.0877141687620607,0.13923162388164434,0.0767206596105491,0.014385123676977954,0.02163616162797497",-1
"0,0,0,0,0,0,0,-1,1,0,0,0,1,0,0,0,0,0,0,0,0,-1,0,0,0","0.009223300970873786,0.004692556634304207,0.004288025889967638,0.04174757281553398,0.04894822006472492,0.017071197411003235,0.011812297734627832,0,0,0.01634304207119741,0.011488673139158577,0.019255663430420712,0,0.01836569579288026,0.01448220064724919,0.02192556634304207,0.009789644012944984,0.02330097087378641,0.042313915857605175,0.024433656957928804,0.5758899676375404,0,0.04991909385113268,0.019579288025889968,0.015129449838187703",1
"0,0,0,0,0,0,0,-1,1,0,0,0,1,0,0,0,0,0,0,0,1,-1,0,0,0","0.015147970522868173,0.01608375248567084,0.019300502982805008,0.04883612118376418,0.06427652357000818,0.022166335243888172,0.02877529535618201,0,0,0.010118142472803836,0.016785588957772837,0.028541349865481343,0,0.02310211720669084,0.01766288454790034,0.1005965610012867,0.4664288220844543,0.02965259094630951,0.03602760556790268,0.021055094163060006,0,0,0.011580301789683004,0.013744297578664171,0.010118142472803836",-1
"0,0,0,0,0,0,0,-1,1,0,0,0,1,0,0,0,-1,0,0,0,1,-1,0,0,0","0.00478948540877701,0.0055134773891735355,0.002394742704388505,0.019380708398306974,0.03892849186901314,0.012196480285141456,0.011806638449543327,0,0,0.003452884829583426,0.009801737580752952,0.033303631098240145,0,0.008799287146357764,0.012307863666740922,0.7479394074404099,0,0.007963911784361774,0.014758298061929161,0.013143239028736913,0,0,0.02305635999108933,0.02121853419469815,0.009244820672755625",1
"0,0,0,0,0,0,0,-1,1,0,0,0,1,0,0,1,-1,0,0,0,1,-1,0,0,0","0.022509824021869126,0.06462497864343072,0.020715872202289425,0.0773107807961729,0.05949940201606014,0.03361524004783872,0.08914232017768665,0,0,0.0182812233042884,0.0846574406287374,0.26875106782846403,0,0.019092772936955407,0.02169827438920212,0,0,0.0631727319323424,0.032846403553733125,0.02409021014864172,0,0,0.06304459251665813,0.0182812233042884,0.01866564155134119",-1
"0,0,0,0,0,0,0,-1,1,0,0,-1,1,0,0,1,-1,0,0,0,1,-1,0,0,0","0.009708141321044547,0.005529953917050691,0.001781874039938556,0.013210445468509985,0.010752688172043012,0.005345622119815668,0.00946236559139785,0,0,0.004178187403993856,0.8494009216589862,0,0,0.0027649769585253456,0.005960061443932412,0,0,0.022980030721966208,0.006021505376344086,0.008172043010752689,0,0,0.024393241167434715,0.009953917050691244,0.010384024577572966",1
"0,0,0,0,0,0,0,-1,1,0,1,-1,1,0,0,1,-1,0,0,0,1,-1,0,0,0","0.04200268817204301,0.5123487903225806,0.02919186827956989,0.023941532258064516,0.03082997311827957,0.08266129032258064,0.08702956989247312,0,0,0.01478494623655914,0,0,0,0.025621639784946238,0.02158938172043011,0,0,0.027721774193548387,0.015036962365591398,0.01659106182795699,0,0,0.03225806451612903,0.01659106182795699,0.021799395161290324",-1
"0,-1,0,0,0,0,0,-1,1,0,1,-1,1,0,0,1,-1,0,0,0,1,-1,0,0,0","0.04345670107740161,0,0.060541856376504534,0.10940810530586485,0.09214263174502998,0.11184240183924626,0.04837037370959744,0,0,0.01929405400531939,0,0,0,0.015236893116350358,0.027904251003020332,0,0,0.07424604426813325,0.18126493260604967,0.04832529414416445,0,0,0.06739395032231889,0.08443402605598882,0.016138484425010143",1
"0,-1,0,0,0,0,0,-1,1,0,1,-1,1,0,0,1,-1,0,1,0,1,-1,0,0,0","0.14621260798172342,0,0.14849717998143785,0.05961305061754837,0.05989862211751267,0.2176054829727993,0.10873134861140858,0,0,0.015920611123009923,0,0,0,0.02677232812165346,0.011851217248518597,0,0,0.052902120368387234,0,0.00835296637395588,0,0,0.0704647676161919,0.038980509745127435,0.03419718712072535",-1
"0,-1,0,0,0,-1,0,-1,1,0,1,-1,1,0,0,1,-1,0,1,0,1,-1,0,0,0","0.0034522439585730723,0,0.02623705408515535,0.46950517836593786,0.22662063674721902,0,0.03513617184503261,0,0,0.011967779056386652,0,0,0,0.031914077483697734,0.023858841580360567,0,0,0.046643651706942846,0,0.019946298427311087,0,0,0.022554660529344073,0.07073264288454162,0.011430763329497507",1
"0,-1,0,1,0,-1,0,-1,1,0,1,-1,1,0,0,1,-1,0,1,0,1,-1,0,0,0","0.02265954805065806,0,0.14086168363546064,0,0.02681897193940899,0,0.14458654084926745,0,0,0.08207102061087658,0,0,0,0.08529923019617582,0.07635957288303949,0,0,0.10615843059349392,0,0.05475540104296002,0,0,0.11031785448224485,0.09237645890240874,0.057735286814005464",-1
"0,-1,0,1,0,-1,-1,-1,1,0,1,-1,1,0,0,1,-1,0,1,0,1,-1,0,0,0","0.004221464523461601,0,0.005520376684526709,0,0.003653190452995616,0,0,0,0,0.0062510147751258325,0,0,0,0.011446663419386265,0.005195648644260432,0,0,0.05382367267413541,0,0.0038155544731287546,0,0,0.8798506251014775,0.015424581912648156,0.01079720733885371",1
"0,-1,0,1,0,-1,-1,-1,1,0,1,-1,1,0,0,1,-1,0,1,0,1,-1,1,0,0","0.1055790282312272,0,0.10869982715575187,0,0.10634722488957173,0,0,0,0,0.08704628384866527,0,0,0,0.09031111964662954,0.08541386594968312,0,0,0.09837718455924717,0,0.10317841367390052,0,0,0,0.10869982715575187,0.10634722488957173",-1
"0,-1,-1,1,0,-1,-1,-1,1,0,1,-1,1,0,0,1,-1,0,1,0,1,-1,1,0,0","0.01281109751121991,0,0,0,0.01558547531619747,0,0,0,0,0.05532435740514076,0,0,0,0.4177886576907385,0.036882904936760504,0,0,0.4177886576907385,0,0.010118319053447572,0,0,0,0.01966544267645859,0.014035087719298246",1
"0,0,0,0,0,0,0,0,0,0,0,0,0,0,0,0,0,0,0,0,0,0,0,0,0","0.016741854636591478,0.020451127819548873,0.02756892230576441,0.035889724310776944,0.06446115288220551,0.023859649122807018,0.031478696741854634,0.08150375939849624,0.047017543859649125,0.031478696741854634,0.0324812030075188,0.0406015037593985,0.09152882205513785,0.03338345864661654,0.029674185463659148,0.027268170426065164,0.08030075187969925,0.08832080200501254,0.04200501253132832,0.006616541353383459,0.02706766917293233,0.043909774436090225,0.04170426065162907,0.023258145363408523,0.011428571428571429",-1
"0,0,0,0,0,0,0,0,0,0,0,0,-1,0,0,0,0,0,0,0,0,0,0,0,0","0.015887592983745064,0.008816236569014603,0.021122233446597485,0.025897694921480394,0.07172375792083754,0.01092845991367435,0.020479382863440167,0.028652768849297457,0.06704013224354853,0.03535678207365231,0.02305078519606943,0.11617228395628616,0,0.12149876021673248,0.04077509413169254,0.029020112039673064,0.0831113968224814,0.03994857195334742,0.014326384424648729,0.012489668472770686,0.09449903572412527,0.02883644044448526,0.04114243732206814,0.023969143172008447,0.02525484433832308",1
"0,0,0,0,0,0,0,0,0,0,0,0,-1,1,0,0,0,0,0,0,0,0,0,0,0","0.0048672566371681415,0.018584070796460177,0.016371681415929203,0.027079646017699115,0.14442477876106194,0.012212389380530974,0.0447787610619469,0.012300884955752212,0.4282300884955752,0.014690265486725664,0.01336283185840708,0.027787610619469025,0,0,0.009469026548672566,0.010088495575221238,0.027964601769911505,0.028672566371681415,0.02504424778761062,0.017345132743362832,0.03008849557522124,0.020265486725663716,0.04433628318584071,0.01592920353982301,0.006106194690265487",-1
"0,0,0,0,0,0,0,0,-1,0,0,0,-1,1,0,0,0,0,0,0,0,0,0,0,0","0.028818249308227035,0.014442869676722684,0.019234662887224134,0.009988526692312883,0.07531889046365661,0.02341904569076061,0.039954106769251534,0.020989404062900723,0,0.06722008503745698,0.025848687318620504,0.13936694337585206,0,0,0.016940001349800903,0.07444151987581832,0.13315785921576567,0.028075858810825402,0.021191874198555713,0.006411554295741378,0.16312343929270431,0.042316258351893093,0.016940001349800903,0.020989404062900723,0.011810757913207803",1
"0,0,0,0,0,0,0,0,-1,0,0,0,-1,1,0,0,0,0,0,0,1,0,0,0,0","0.009599870926105196,0.013794772507260406,0.024685382381413358,0.0073410777670216195,0.02920296869958051,0.02452404001290739,0.046143917392707325,0.02654081961923201,0,0.09406260083898031,0.04388512423362375,0.44506292352371735,0,0,0.014036786060019362,0.11584382058728622,0.015972894482090997,0.011293965795417877,0.014036786060019362,0.002904162633107454,0,0.015972894482090997,0.015004840271055178,0.013068731848983543,0.0170216198773798",-1
"0,0,0,0,0,0,0,0,-1,0,0,-1,-1,1,0,0,0,0,0,0,1,0,0,0,0","0.02497257533716203,0.047428534555075175,0.035039039814157576,0.035490740143253534,0.08621023423888495,0.06401238949474092,0.06323804607343357,0.028199006259275988,0,0.09369555397818932,0.09279215331999742,0,0,0,0.03432922501129251,0.12112021681615796,0.01890688520358779,0.04007227205265535,0.04717042008130606,0.02890882106214106,0,0.032328837839581855,0.03432922501129251,0.03432922501129251,0.03742659869652191",1
"0,0,0,0,0,0,0,0,-1,0,0,-1,-1,1,0,1,0,0,0,0,1,0,0,0,0","0.0030359251138471917,0.004469556417608366,0.005059875189745319,0.0024456063417102377,0.00463821892393321,0.0034575813796593018,0.0055658627087198514,0.0015179625569235959,0,0.0024456063417102377,0.935064935064935,0,0,0,0.005312868949232586,0,0.004722550177095631,0.004469556417608366,0.0037949063923089898,0.004300893911283522,0,0.0033732501264968798,0.0013493000505987519,0.0015179625569235959,0.0034575813796593018",-1
"0,0,0,0,0,0,0,0,-1,0,-1,-1,-1,1,0,1,0,0,0,0,1,0,0,0,0","0.0559563360227812,0.054390128144280965,0.046464167062173704,0.052017085904129096,0.06336022781205505,0.05045087802562886,0.05951589938300902,0.054817275747508304,0,0.06298054105363075,0,0,0,0,0.05647840531561462,0,0.054817275747508304,0.06027527289985762,0.060654959658281916,0.060654959658281916,0,0.04318936877076412,0.053630754627432366,0.06027527289985762,0.05007119126720456",1
"0,0,0,0,1,0,0,0,-1,0,-1,-1,-1,1,0,1,0,0,0,0,1,0,0,0,0","0.0013253224951404843,0.003180773988337162,0.0032691288213465277,0.0026506449902809685,0,0.0017670966601873123,0.0026506449902809685,0.0029157094893090653,0,0.9481357130235024,0,0,0,0,0.0037109029863933557,0,0.004506096483477646,0.003180773988337162,0.005743064145608765,0.005124580314543206,0,0.0029157094893090653,0.0017670966601873123,0.003445838487365259,0.0037109029863933557",-1
"0,0,0,0,0,0,0,0,0,0,0,0,0,0,0,0,0,0,0,0,0,0,0,0,0","0.011228070175438596,0.04280701754385965,0.053032581453634084,0.024962406015037596,0.07819548872180451,0.02275689223057644,0.026566416040100252,0.06446115288220551,0.16160401002506267,0.02025062656641604,0.017543859649122806,0.02355889724310777,0.08290726817042607,0.013634085213032582,0.007518796992481203,0.041403508771929824,0.02526315789473684,0.04160401002506266,0.04491228070175438,0.04471177944862156,0.048220551378446115,0.030776942355889726,0.04421052631578947,0.01744360902255639,0.010426065162907268",-1
"0,0,0,0,0,0,0,0,-1,0,0,0,0,0,0,0,0,0,0,0,0,0,0,0,0","0.004659993096306524,0.011132205730065585,0.030376251294442526,0.019675526406627546,0.04504659993096306,0.019502934069727303,0.04918881601656887,0.14368312046945117,0,0.024680704176734552,0.027959958577839145,0.0572143596824301,0.08353469105971695,0.019502934069727303,0.021401449775629963,0.06498101484294097,0.10994131860545392,0.05022437003797031,0.018639972385226095,0.017604418363824648,0.10648947186744909,0.01570590265792199,0.02347255781843286,0.020538488091128754,0.01484294097342078",1
"0,0,0,0,0,0,0,1,-1,0,0,0,0,0,0,0,0,0,0,0,0,0,0,0,0","0.011510049819618623,0.01855351314207181,0.020357326919773235,0.027143102559697648,0.018209929565366774,0.021903453014945885,0.017780450094485485,0,0,0.014774093798316441,0.009448548359388421,0.019927847448891943,0.49622058065624464,0.018811200824600582,0.026284143617935064,0.019412472083834394,0.057206665521388075,0.017780450094485485,0.016749699364370384,0.0046383782855179525,0.06364885758460745,0.03289812746950696,0.03444425356467961,0.01752276241195671,0.014774093798316441",-1
"0,0,0,0,0,0,0,1,-1,0,0,0,-1,0,0,0,0,0,0,0,0,0,0,0,0","0.019485877499206602,0.016185337987940335,0.026531259917486512,0.022849888924151063,0.08498889241510632,0.03795620437956204,0.026531259917486512,0,0,0.07457949857188194,0.04068549666772453,0.2046969216121866,0,0.01656616947000952,0.021770866391621707,0.10053951126626468,0.05883846397968899,0.019295461758172008,0.028625833068867026,0.03636940653760711,0.09412884798476674,0.018406854966677245,0.012123135512535703,0.031735956839098696,0.007108854331958109",1
"0,0,0,0,0,0,0,1,-1,0,0,1,-1,0,0,0,0,0,0,0,0,0,0,0,0","0.01173886700999697,0.003408058164192669,0.0021205695243865495,0.004544077552256892,0.0069675855801272345,0.0037867312935474097,0.005604362314450166,0,0,0.007649197212965768,0.0015904271432899122,0,0,0.004544077552256892,0.00674038170251439,0.014616782793093003,0.8459557709784914,0.00923962435625568,0.009012420478642836,0.004998485307482581,0.04263859436534383,0.0029536504089669796,0.004544077552256892,0.004013935171160254,0.003332323538321721",-1
"0,0,0,0,0,0,0,1,-1,0,0,1,-1,0,0,0,-1,0,0,0,0,0,0,0,0","0.016879432624113476,0.04,0.03394799054373523,0.029881796690307327,0.17498817966903074,0.025200945626477542,0.02652482269503546,0,0,0.1792434988179669,0.018250591016548464,0,0,0.06926713947990544,0.03342789598108747,0.037825059101654845,0,0.03560283687943262,0.0574468085106383,0.0357919621749409,0.03560283687943262,0.03451536643026005,0.04723404255319149,0.041087470449172575,0.027281323877068556",1
"0,0,0,0,0,0,0,1,-1,1,0,1,-1,0,0,0,-1,0,0,0,0,0,0,0,0","0.005445832123148417,0.0016700551844321813,0.003848388033691548,0.005591054313099041,0.8080888759802498,0.002831832704037177,0.0062445541678768516,0,0,0,0.010601219866395586,0,0,0.010383386581469648,0.020548939878013362,0.039936102236421724,0,0.004937554458321232,0.008059831542259657,0.004647110078419983,0.047342433923903575,0.005663665408074354,0.005155387743247168,0.00522799883822248,0.003775776938716236",-1
"0,0,0,0,-1,0,0,1,-1,1,0,1,-1,0,0,0,-1,0,0,0,0,0,0,0,0","0.05622661171900905,0.05622661171900905,0.052437118090095214,0.0573634598076832,0,0.054710814267443515,0.05887925725924873,0,0,0,0.05433186490455213,0,0,0.0555160816635877,0.060395054710814265,0.049784472549855525,0,0.05698451044479182,0.05130027000142106,0.05357396617876936,0.058121358533465964,0.05622661171900905,0.054710814267443515,0.0573634598076832,0.05584766235611766",1
"0,0,0,0,-1,0,0,1,-1,1,0,1,-1,0,1,0,-1,0,0,0,0,0,0,0,0","0.005951323503286552,0.007372535086160952,0.012702078521939953,0.011103215491206254,0,0.009593178184402203,0.0060401492272162014,0,0,0,0.0062178006750755015,0,0,0.005596020607567952,0,0.448481080120803,0,0.003375377509326701,0.007017232190442352,0.006395452122934802,0.448481080120803,0.005063066263990052,0.006395452122934802,0.006306626399005152,0.003908331852904601",-1
"0,0,0,0,0,0,0,0,0,0,0,0,0,0,0,0,0,0,0,0,0,0,0,0,0","0.013333333333333334,0.0067167919799498745,0.015739348370927317,0.042706766917293235,0.04300751879699248,0.02706766917293233,0.05453634085213033,0.0918295739348371,0.07087719298245614,0.04360902255639098,0.02355889724310777,0.06676691729323309,0.041403508771929824,0.0406015037593985,0.0162406015037594,0.04932330827067669,0.05463659147869674,0.09824561403508772,0.02786967418546366,0.01974937343358396,0.07518796992481203,0.036591478696741855,0.021353383458646617,0.017042606516290727,0.0020050125313283208",-1
"0,0,0,0,0,0,0,0,0,0,0,0,0,0,0,0,0,-1,0,0,0,0,0,0,0","0.01067907995618839,0.03495801387367652,0.0065717415115005475,0.038608981380065716,0.0397955458196422,0.012048192771084338,0.028660094925155165,0.0278386272362176,0.03897407813070464,0.009127418765972983,0.028477546549835708,0.08059510770354143,0.025374224169404894,0.056498722161372764,0.027656078860898138,0.03249361080686382,0.08972252646951442,0,0.08433734939759036,0.01067907995618839,0.25419861263234755,0.018893756845564075,0.011865644395764877,0.015516611902154072,0.01642935377875137",1
"0,0,0,0,0,0,0,0,0,0,0,0,0,0,0,0,0,-1,0,0,1,0,0,0,0","0.013242438489265006,0.032910202162670425,0.03635793762733114,0.046779501645510105,0.034634069895000785,0.021313273781538945,0.07177558376430027,0.042078044193700044,0.0928537846732487,0.014809590973201692,0.022958783889672464,0.13015201379094185,0.06017865538316878,0.02570130073656167,0.02272371101708196,0.12129760225669958,0.08635010186491146,0,0.030481115812568564,0.0180222535652719,0,0.00830590816486444,0.024369221125215484,0.03244005641748942,0.0102648487697853",-1
"0,0,0,0,0,0,0,0,0,0,0,-1,0,0,0,0,0,-1,0,0,1,0,0,0,0","0.018128705215224677,0.03273477102843887,0.02775152504510697,0.05816650915027064,0.07844316522037975,0.024486639745682617,0.021049918377867516,0.05490162385084629,0.07294441103187559,0.07466277171578314,0.08205172265658561,0,0.07139788641635879,0.06753157487756681,0.036257410430449354,0.07122605034796804,0.03488272188332331,0,0.04536472205515938,0.042185754789930405,0,0.017870951112638544,0.020620328206890626,0.024658475814073374,0.02268236102757969",1
"0,0,0,0,0,0,0,0,0,0,1,-1,0,0,0,0,0,-1,0,0,1,0,0,0,0","0.007042253521126761,0.0038412291933418692,0.008871410279860985,0.012163892445582587,0.01399304920431681,0.017011157856228278,0.012895555149076275,0.009054325955734407,0.018200109749405523,0.00393268703127858,0,0,0.008779952441924272,0.008779952441924272,0.005670385952076093,0.8185476495335651,0.015090543259557344,0,0.009603072983354673,0.0030181086519114686,0,0.005670385952076093,0.008871410279860985,0.005944759465886226,0.0030181086519114686",-1
"0,0,0,0,0,0,0,0,0,0,1,-1,0,0,0,-1,0,-1,0,0,1,0,0,0,0","0.019334389857369256,0.010301109350237718,0.013523507659799261,0.01727416798732171,0.05499207606973058,0.019915478077126254,0.010089804543053355,0.03798203909138933,0.22060221870047544,0.0618594823032224,0,0,0.09086106708927628,0.06830427892234549,0.07849973586899102,0,0.06465927099841522,0,0.09086106708927628,0.04865293185419968,0,0.011727416798732172,0.01917591125198098,0.03433703116745906,0.027047015319598522",1
"0,0,0,0,0,0,0,0,1,0,1,-1,0,0,0,-1,0,-1,0,0,1,0,0,0,0","0.007487462032916579,0.00911210002119093,0.012432012432012432,0.03856749311294766,0.05912269548633185,0.0067810976901886,0.00911210002119093,0.018789291516564242,0,0.027830755103482378,0,0,0.2639683548774458,0.0271243907607544,0.0065691883873702055,0,0.358267994631631,0,0.10694356148901603,0.010312919403828495,0,0.008052553507098962,0.006710461255915802,0.013703468248922794,0.00911210002119093",-1
"0,0,0,0,0,0,0,0,1,0,1,-1,0,0,0,-1,-1,-1,0,0,1,0,0,0,0","0.007174172977281785,0.012554802710243125,0.020193968380496877,0.06357114388202471,0.046764979407466455,0.017802577388069615,0.013816925734024179,0.022851069483193834,0,0.09113856782250565,0,0,0.017802577388069615,0.10781187724192906,0.23428988973030423,0,0,0,0.1029626677295071,0.06642752756742394,0,0.018732562774013552,0.038860103626943004,0.09007572738142686,0.027168858775076393",1
"0,0,0,0,0,0,0,0,1,0,1,-1,0,0,1,-1,-1,-1,0,0,1,0,0,0,0","0.012509252405625462,0.008660251665433013,0.017024426350851222,0.06484085862324204,0.0928941524796447,0.024500370096225018,0.018134715025906734,0.016728349370836417,0,0.07527757216876388,0,0,0.00932642487046632,0.051961509992598076,0,0,0,0,0.11110288675055514,0.10910436713545522,0,0.020355292376017766,0.01917098445595855,0.31835677276091784,0.03005181347150259",-1
"0,0,0,0,0,0,0,0,1,0,1,-1,0,0,1,-1,-1,-1,0,0,1,0,0,-1,0","0.030871543577178858,0.020511025551277564,0.024991249562478123,0.06489324466223312,0.10892544627231361,0.021141057052852644,0.021421071053552676,0.029331466573328666,0,0.16177808890444523,0,0,0.0207910395519776,0.13048652432621632,0,0,0,0,0.07490374518725937,0.09324466223311166,0,0.025621281064053203,0.08344417220861043,0,0.08764438221911096",1
"0,0,0,0,0,0,0,0,1,1,1,-1,0,0,1,-1,-1,-1,0,0,1,0,0,-1,0","0.0027651268705270004,0.006262199089134678,0.003659726740403383,0.01374430709173715,0.010653871177618738,0.004310344827586207,0.00219583604424203,0.006506180871828237,0,0,0,0,0.008458035133376708,0.00577423552374756,0,0,0,0,0.00935263500325309,0.022446324007807418,0,0.004635653871177619,0.028708523096942096,0,0.870527000650618",-1
"0,0,0,0,0,0,0,0,1,1,1,-1,0,0,1,-1,-1,-1,0,0,1,0,0,-1,-1","0.07414209763170614,0.06868052199130015,0.07278878685355245,0.06505558240695988,0.06660222329627839,0.0722571290478492,0.07428709521507974,0.07530207829869502,0,0,0,0,0.07530207829869502,0.06969550507491541,0,0,0,0,0.06761720637989367,0.07428709521507974,0,0.07481875302078299,0.06916384726921218,0,0",1
"0,0,0,0,0,0,0,1,1,1,1,-1,0,0,1,-1,-1,-1,0,0,1,0,0,-1,-1","0.006149848419229103,0.008921611087050672,0.006929406669553919,0.006323083585967951,0.01411866608921611,0.009527934170636639,0.011433521004763967,0,0,0,0,0,0.0073624945864010395,0.007708964919878735,0,0,0,0,0.45647466435686446,0.005370290168904288,0,0.003118233001299264,0.4565612819402339,0,0",-1
"0,0,0,0,0,0,0,0,0,0,0,0,0,0,0,0,0,0,0,0,0,0,0,0,0","0.009122807017543859,0.008721804511278195,0.026967418546365914,0.015338345864661655,0.04731829573934837,0.0038095238095238095,0.011127819548872181,0.0749874686716792,0.12711779448621555,0.02245614035087719,0.04631578947368421,0.05583959899749374,0.1105764411027569,0.030977443609022555,0.01994987468671679,0.054335839598997494,0.16471177944862156,0.03238095238095238,0.013533834586466165,0.029674185463659148,0.05082706766917293,0.006416040100250627,0.009323308270676692,0.018847117794486216,0.009323308270676692",1
"0,0,0,0,0,0,0,0,0,0,0,0,0,0,0,0,1,0,0,0,0,0,0,0,0","0.010500043032963249,0.018418108270935537,0.030467337980893364,0.043119029176349084,0.030639469833892763,0.019020569756433427,0.013512350460452707,0.18633273087184785,0.0973405628711593,0.013770548239951804,0.029090283156898183,0.09501678285566745,0.025991909802909028,0.017557449005938548,0.015061537137447284,0.017127119373440056,0,0.013942680092951201,0.029262415009897583,0.027627162406403304,0.09295120061967467,0.12419313193906532,0.033909975040881314,0.011791031930458731,0.003356571133488252",-1
"0,0,0,0,0,0,0,-1,0,0,0,0,0,0,0,0,1,0,0,0,0,0,0,0,0","0.011777301927194861,0.01078899687036732,0.010541920606160434,0.03500247076264207,0.08104101465985834,0.017377697249217592,0.15557568769560204,0,0.31971668588370944,0.014989293361884369,0.028660846647998683,0.060286608466479985,0.026107725251194203,0.040932301103607314,0.02009553615549333,0.0327787843847801,0,0.009965409323011036,0.011530225662987975,0.02207214626914841,0.011694943172459232,0.026354801515401087,0.0205896886839071,0.019354307362872674,0.012765606984022402",1
"0,0,0,0,0,0,0,-1,1,0,0,0,0,0,0,0,1,0,0,0,0,0,0,0,0","0.015584415584415584,0.019552669552669554,0.028715728715728715,0.04235209235209235,0.050216450216450215,0.017604617604617605,0.09126984126984126,0,0,0.007792207792207792,0.021861471861471863,0.06457431457431458,0.17857142857142858,0.07727272727272727,0.024170274170274172,0.02012987012987013,0,0.05966810966810967,0.0227994227994228,0.010533910533910534,0.08896103896103896,0.10526695526695527,0.01378066378066378,0.027994227994227995,0.011327561327561327",-1
"0,0,0,0,0,0,0,-1,1,0,0,0,-1,0,0,0,1,0,0,0,0,0,0,0,0","0.005781275092339811,0.010839890798137145,0.007306889352818371,0.030271398747390398,0.01638027942829613,0.020395053797976553,0.06230929821744018,0,0,0.02015416733579573,0.017183234302232214,0.05090733900754778,0,0.5544403404528665,0.024891601092018628,0.02641721535249719,0,0.031074353621326482,0.04914083828488839,0.01678175686526417,0.013409346394732615,0.01003693592420106,0.01638027942829613,0.011482254697286013,0.004416251806648466",1
"0,0,0,0,0,0,0,-1,1,0,0,0,-1,1,0,0,1,0,0,0,0,0,0,0,0","0.033698549007995265,0.03896949955581877,0.008646727864968907,0.06384364820846905,0.06366597571809299,0.01391767841279242,0.04139769025762511,0,0,0.012022505182114302,0.033876221498371335,0.054841575362748,0,0,0.017708024874148652,0.009475866153390583,0,0.19099792715427893,0.11815220610008884,0.03968018951732307,0.06384364820846905,0.02428190701806337,0.07012140953509031,0.07373408350607048,0.027124666864080545",-1
"0,0,0,0,0,0,0,-1,1,0,0,0,-1,1,0,0,1,-1,0,0,0,0,0,0,0","0.0028017567772224746,0.006360745115856429,0.010904134484325307,0.013705891261547781,0.012115704982583674,0.009465394517643496,0.009465394517643496,0,0,0.0013630168105406633,0.010904134484325307,0.017037710131758293,0,0,0.016129032258064516,0.002423140996516735,0,0,0.852112676056338,0.007572315614114796,0.007572315614114796,0.008253824019385129,0.003558988338633954,0.005452067242162653,0.0028017567772224746",1
"0,0,0,0,0,0,0,-1,1,0,0,0,-1,1,0,0,1,-1,1,0,0,0,0,0,0","0.013750882976218508,0.025994819872851425,0.01775370850011773,0.042053214033435364,0.04431363315281375,0.03381210266070167,0.08707322816105487,0,0,0.03150459147633624,0.06884859901106663,0.04374852837296916,0,0,0.04106428066870732,0.05425005886508123,0,0,0,0.08438898045679304,0.045067106192606544,0.036307982105015305,0.110901813044502,0.12573581351542265,0.09343065693430656",-1
"0,0,0,0,0,0,0,-1,1,0,0,0,-1,1,0,0,1,-1,1,0,0,0,0,-1,0","0.0025290444953765907,0.0033984035406622935,0.0071919702837271796,0.007745198767090808,0.009800047419584288,0.005058088990753181,0.01122263494823362,0,0,0.0033984035406622935,0.010590373824389474,0.010511341183908954,0,0,0.004267762585947996,0.004662925788350589,0,0,0,0.010906504386311546,0.0044258278669090335,0.003161305619220738,0.8922785110250534,0,0.008851655733818067",1
"0,0,0,0,0,0,0,-1,1,0,0,0,-1,1,0,0,1,-1,1,0,0,0,1,-1,0","0.0643978565384977,0.06529096549779073,0.06787628090627057,0.06529096549779073,0.06265864435461126,0.0631287017016076,0.0635517533139043,0,0,0.060496380558428126,0.0635517533139043,0.06265864435461126,0,0,0.0577700479458494,0.060496380558428126,0,0,0,0.05786405941524866,0.06529096549779073,0.06223559274231456,0,0,0.05744100780295196",-1
"0,0,-1,0,0,0,0,-1,1,0,0,0,-1,1,0,0,1,-1,1,0,0,0,1,-1,0","0.01513693236503631,0.011024586578003325,0,0.4345962026424009,0.4345962026424009,0.012337037361098958,0.009624639076034648,0,0,0.008049698136319889,0.010149619389272902,0.012162043923352874,0,0,0.00463732610027124,0.008399685011812057,0,0,0,0.012162043923352874,0.012687024236591129,0.006999737509843381,0,0,0.007437221104208592",1
"0,0,0,0,0,0,0,0,0,0,0,0,0,0,0,0,0,0,0,0,0,0,0,0,0","0.004611528822055138,0.026566416040100252,0.02917293233082707,0.048220551378446115,0.030576441102756893,0.022656641604010024,0.022957393483709274,0.0724812030075188,0.05223057644110276,0.034085213032581455,0.028972431077694236,0.03067669172932331,0.09132832080200501,0.03598997493734336,0.008220551378446116,0.0419047619047619,0.08701754385964912,0.10917293233082707,0.03518796992481203,0.028471177944862154,0.06345864661654135,0.03007518796992481,0.026566416040100252,0.0318796992481203,0.007518796992481203",1
"0,0,0,0,0,0,0,0,0,0,0,0,0,0,0,0,0,1,0,0,0,0,0,0,0","0.015906009941256214,0.02431089019430637,0.01717126073203796,0.007501129688206055,0.12643470402169002,0.01174875734297334,0.05079078174423859,0.034794396746497966,0.17252598282873927,0.01717126073203796,0.03172164482602802,0.06723904202440127,0.14080433800271125,0.05539990962494352,0.02394938996836873,0.015273384545865342,0.0236782647989155,0,0.02747401717126073,0.016538635336647085,0.05305015815634885,0.01174875734297334,0.03226389516493448,0.015906009941256214,0.006597379123361952",-1
"0,0,0,0,0,0,0,0,-1,0,0,0,0,0,0,0,0,1,0,0,0,0,0,0,0","0.03870099276459701,0.0035335689045936395,0.010516574120814403,0.02027595490493017,0.03499915867407034,0.04703011946828201,0.042234561669190644,0.12325424869594481,0,0.08160861517751977,0.04669358909641595,0.1369678613494868,0.010264176341914857,0.023725391216557295,0.042907622412922765,0.06141679286555612,0.07866397442369173,0,0.029698805317179874,0.028352683829715633,0.015059734141006226,0.04610466094565035,0.04282348981995625,0.02523977788995457,0.009927645970048797",1
"0,0,0,0,0,0,0,0,-1,0,0,1,0,0,0,0,0,1,0,0,0,0,0,0,0","0.02197139410649664,0.02378080303291401,0.023953127692572806,0.02808891952438394,0.034292607272100636,0.029639841461313113,0.17042908840255042,0.13656729277959676,0,0.02257453041530243,0.03239703601585387,0,0.11959331380320525,0.010942615888333621,0.029467516801654315,0.029122867482336723,0.12381526796484577,0,0.011976563846286403,0.014302946751680165,0.04394278821299328,0.045407547820093055,0.014130622092021369,0.02119593313803205,0.012407375495433396",-1
"0,0,0,0,0,0,-1,0,-1,0,0,1,0,0,0,0,0,1,0,0,0,0,0,0,0","0.0025089905494689304,0.0054361461905160155,0.008112402776616208,0.008530567868194363,0.01739566780965125,0.01823199799280756,0,0.8191854144016057,0,0.015388475370076106,0.013632181985447855,0,0.010203228234506983,0.007610604666722422,0.010119595216191352,0.002007192439575144,0.013381282930500962,0,0.007108806556828636,0.005268880153884754,0.010203228234506983,0.008697833904825624,0.0034289537509408713,0.006857907501881743,0.006690641465250481",1
"0,0,0,0,0,0,-1,1,-1,0,0,1,0,0,0,0,0,1,0,0,0,0,0,0,0","0.019469026548672566,0.01618204804045512,0.08672566371681416,0.04687737041719343,0.03757269279393173,0.0493046776232617,0,0,0,0.027509481668773705,0.02472819216182048,0,0.08065739570164349,0.031352718078381796,0.0372692793931732,0.02963337547408344,0.14123893805309734,0,0.019924146649810365,0.040303413400758534,0.16485461441213653,0.08328697850821745,0.036611883691529706,0.01147914032869785,0.015018963337547408",-1
"0,0,0,0,0,0,-1,1,-1,0,0,1,0,0,0,0,0,1,0,0,-1,0,0,0,0","0.006343931727210936,0.007476776678498603,0.0569443395513934,0.017370289253077563,0.004002718827883091,0.011101880522619137,0,0,0,0.02250585303224832,0.0050600407824182465,0,0.4386375651385847,0.010044558568083981,0.00596631674344838,0.0018125519220602673,0.318707046295597,0,0.01857865720111774,0.002718827883090401,0,0.013065478438184426,0.04644664300279435,0.004304810814893135,0.008911713616796315",1
"0,0,0,0,0,0,-1,1,-1,0,0,1,1,0,0,0,0,1,0,0,-1,0,0,0,0","0.027739075364154528,0.02564914502849905,0.09170360987967068,0.10930968967701077,0.05902469917669411,0.05902469917669411,0,0,0,0.046865104496516784,0.06054464851171627,0,0,0.032362254591513616,0.06751108296390121,0.026725775807473085,0.023812539582013934,0,0.05636478784040532,0.0578214059531349,0,0.06314122862571248,0.11608613046231793,0.04857504749841672,0.027739075364154528",-1
"0,0,0,0,0,0,-1,1,-1,0,0,1,1,0,0,0,0,1,0,0,-1,0,-1,0,0","0.003893026404874746,0.004316181448882871,0.005754908598510494,0.00897088693297224,0.004316181448882871,0.003385240352064997,0,0,0,0.0036391333784698715,0.001184834123222749,0,0,0.0036391333784698715,0.0005077860528097495,0.0035545023696682463,0.003977657413676371,0,0.008209207853757616,0.006855111712931618,0,0.926201760324983,0,0.007447528774542992,0.004146919431279621",1
"0,0,0,0,0,0,-1,1,-1,0,0,1,1,0,0,0,0,1,0,0,-1,1,-1,0,0","0.056144877675840976,0.06422018348623854,0.06374235474006117,0.0729644495412844,0.06770833333333333,0.0659881498470948,0,0,0,0.06641819571865444,0.0681861620795107,0,0,0.0650802752293578,0.05843845565749235,0.051605504587155966,0.05977637614678899,0,0.05958524464831804,0.06331230886850153,0,0,0,0.05796062691131498,0.058868501529051986",-1
"0,0,0,-1,0,0,-1,1,-1,0,0,1,1,0,0,0,0,1,0,0,-1,1,-1,0,0","0.0054725503822098676,0.0057331480194579565,0.936761640027797,0,0.005559416261292564,0.007383599722029187,0,0,0,0.005125086865879083,0.0042564280750521195,0,0,0.003995830437804031,0.0031271716469770676,0.006341209173036831,0.002519110493398193,0,0.004777623349548297,0.0019979152189020153,0,0,0,0.0020847810979847115,0.004864489228630994",1
"0,0,0,0,0,0,0,0,0,0,0,0,0,0,0,0,0,0,0,0,0,0,0,0,0","0.016140350877192983,0.023659147869674185,0.0187468671679198,0.023859649122807018,0.023358395989974936,0.018145363408521305,0.046416040100250626,0.06155388471177945,0.09784461152882205,0.04180451127819549,0.014335839598997493,0.08531328320802005,0.08651629072681705,0.02786967418546366,0.02987468671679198,0.03879699248120301,0.0850125313283208,0.04731829573934837,0.018947368421052633,0.013634085213032582,0.11408521303258146,0.01493734335839599,0.01944862155388471,0.01944862155388471,0.012932330827067668",1
"0,0,0,0,0,0,0,0,0,0,0,0,0,0,0,0,0,0,0,0,1,0,0,0,0","0.030592046068022315,0.026723052006478315,0.03266150800791794,0.044988303041209286,0.08934676983984165,0.026723052006478315,0.02771279467338492,0.025463379521324457,0.03895987043368724,0.012866654669785855,0.051826525103473096,0.1400935756703257,0.07099154219902826,0.05560554255893468,0.011517005578549577,0.0828684542019075,0.11490012596724851,0.03311139103833004,0.015925859276588086,0.023123987763181572,0,0.014666186791434227,0.016825625337412272,0.008097894547417672,0.00440885369803851",-1
"0,0,0,0,0,0,0,0,0,0,0,-1,0,0,0,0,0,0,0,0,1,0,0,0,0","0.021761747875845328,0.01170452574995665,0.011184324605514133,0.01430553147216924,0.06164383561643835,0.017166637766603085,0.02150164730362407,0.026790358938789664,0.15796774752904458,0.028784463325819316,0.03962198716837177,0,0.20912086006589214,0.06450494191087221,0.03372637419802323,0.0883474943644876,0.01924744234437316,0.033552973816542396,0.03702098144615918,0.020027744061036933,0,0.034419975723946596,0.019854343679556095,0.017426738338824344,0.010317322698109936",1
"0,0,0,0,0,0,0,0,0,0,0,-1,1,0,0,0,0,0,0,0,1,0,0,0,0","0.0129136400322841,0.02970137207425343,0.022760290556900726,0.03438256658595642,0.06868442292171106,0.019128329297820823,0.013720742534301856,0.26707021791767555,0.05173527037933818,0.06384180790960452,0.04850686037126715,0,0,0.024778046811945117,0.0129136400322841,0.015415657788539145,0.12857142857142856,0.10201775625504439,0.01807909604519774,0.01606133979015335,0,0.0129136400322841,0.01646489104116223,0.0129136400322841,0.0074253430185633575",-1
"0,0,0,0,0,0,0,-1,0,0,0,-1,1,0,0,0,0,0,0,0,1,0,0,0,0","0.008202889825406382,0.014825406381697772,0.006923540036122818,0.01813666465984347,0.04966887417218543,0.013320288982540639,0.005343166767007827,0,0.7580523780854906,0.017233594220349188,0.007299819385912101,0,0,0.012793497892835641,0.008654425045153522,0.012040939193257074,0.015427453341360626,0.009256472004816376,0.006773028296207104,0.009256472004816376,0,0.005343166767007827,0.007299819385912101,0.007224563515954244,0.006923540036122818",1
"0,0,0,0,0,0,0,-1,1,0,0,-1,1,0,0,0,0,0,0,0,1,0,0,0,0","0.038547848202264,0.013663790953971975,0.020695157831745872,0.04004388370817334,0.029422031616217027,0.015010222909290381,0.012816037500623349,0,0,0.019099386625442576,0.044781329476886254,0,0,0.03251383832842966,0.04767366478831098,0.06178626639405575,0.3748067620804867,0.10332618560813843,0.03081833142173241,0.032663441879020594,0,0.02054555428115494,0.030469256470353562,0.02054555428115494,0.010771455642547249",-1
"0,0,0,0,0,0,0,-1,1,0,0,-1,1,0,0,0,-1,0,0,0,1,0,0,0,0","0.007486997771046465,0.013030805280905298,0.007486997771046465,0.06012459278733497,0.01897468137394982,0.0063439446762302105,0.005372349545636395,0,0,0.005658112819340458,0.013202263245127736,0,0,0.00782991369949134,0.008572898211121907,0.02680459507344116,0,0.7504143567468708,0.013488026518831799,0.0076013030805280905,0,0.01160198891238498,0.017374407041207064,0.006458249985711836,0.012173515459793107",1
"0,0,0,0,0,0,0,-1,1,0,0,-1,1,0,0,0,-1,1,0,0,1,0,0,0,0","0.02898926964347525,0.038811007268951196,0.04153686396677051,0.048978885427483555,0.03521979923849083,0.04685877466251298,0.04222914503288335,0,0,0.0381619937694704,0.0496711664935964,0,0,0.025095188646590515,0.0323208722741433,0.06178608515057113,0,0,0.07515576323987538,0.055512287988923506,0,0.14092246452059537,0.1599601938386985,0.04811353409484251,0.0306767047421253",-1
"0,0,0,0,0,0,0,-1,1,0,0,-1,1,0,0,0,-1,1,0,0,1,0,-1,0,0","0.0015350877192982456,0.0015350877192982456,0.0031432748538011697,0.035526315789473684,0.021345029239766083,0.00489766081871345,0.0035087719298245615,0,0,0.0025584795321637425,0.015277777777777777,0,0,0.0028508771929824563,0.0033625730994152046,0.026096491228070177,0,0,0.010818713450292398,0.008187134502923977,0,0.8492690058479532,0,0.0077485380116959065,0.0023391812865497076",1
"0,0,0,0,0,0,0,-1,1,0,0,-1,1,0,0,0,-1,1,0,0,1,1,-1,0,0","0.06212387741875752,0.06383668178872326,0.0634200536987316,0.061290621238774184,0.06041107304879178,0.059531524858809366,0.06383668178872326,0,0,0.06554948615868901,0.061707249328765854,0,0,0.06554948615868901,0.06554948615868901,0.05865197666882696,0,0,0.058698268678826035,0.06513285806869734,0,0,0,0.06212387741875752,0.06258679751874827",-1
"0,0,0,0,0,0,0,-1,1,-1,0,-1,1,0,0,0,-1,1,0,0,1,1,-1,0,0","0.00745548636084554,0.008771160424524164,0.00903429523725989,0.44469783352337516,0.44478554512762036,0.008069467590562231,0.0055258310674502235,0,0,0,0.012016489781598106,0,0,0.007016928339619331,0.0034207525655644243,0.009209718445750373,0,0,0.007543197965090781,0.010700815717919481,0,0,0,0.010700815717919481,0.011051662134900447",1
"0,0,0,0,0,0,0,0,0,0,0,0,0,0,0,0,0,0,0,0,0,0,0,0,0","0.00531328320802005,0.028471177944862154,0.03769423558897243,0.08791979949874687,0.04962406015037594,0.03338345864661654,0.030576441102756893,0.02155388471177945,0.04370927318295739,0.037894736842105266,0.04461152882205514,0.04100250626566416,0.11799498746867168,0.03368421052631579,0.03979949874686717,0.03137844611528822,0.05243107769423559,0.04030075187969925,0.061152882205513785,0.013533834586466165,0.03418546365914787,0.03819548872180451,0.038997493734335836,0.017042606516290727,0.019548872180451128",1
"0,0,0,0,0,0,0,0,0,0,0,0,1,0,0,0,0,0,0,0,0,0,0,0,0","0.010131803102304313,0.03505783197346005,0.029319465614632834,0.04330673361427419,0.05980453689590245,0.01864969066618847,0.014166591948354703,0.18120685017484084,0.06886039630592666,0.02474670492244239,0.027705550076212677,0.016587465255984937,0,0.05290056487043845,0.027077916255715952,0.022325831614812157,0.07746794584416748,0.07630234017753071,0.011028422845871065,0.01802205684569174,0.09656594638213933,0.026450282435219224,0.026629606383932573,0.016766789204698287,0.018918676589258495",-1
"0,0,0,0,0,0,0,-1,0,0,0,0,1,0,0,0,0,0,0,0,0,0,0,0,0","0.021170195032505418,0.014752458743123854,0.016419403233872313,0.042507084514085684,0.06142690448408068,0.014252375395899316,0.0644274045674279,0,0.4451575262543757,0.020003333888981498,0.035172528754792466,0.057259543257209534,0,0.014335722620436739,0.012502083680613436,0.007001166861143524,0.03900650108351392,0.025587597932988832,0.025254209034839138,0.0073345557592932155,0.025337556259376563,0.011085180863477246,0.010501750291715286,0.012252042007001166,0.017252875479246543",1
"0,0,0,0,0,0,0,-1,1,0,0,0,1,0,0,0,0,0,0,0,0,0,0,0,0","0.01906129642927084,0.01161955741236373,0.012598733598798878,0.03655591096024545,0.05516025850251322,0.02630720020889092,0.0315294732032117,0,0,0.010444545988641557,0.022064103401005286,0.024479404660878647,0,0.024805796723023694,0.027743325282329135,0.019257131666557868,0.16600300280697172,0.13049154644559044,0.05450747437822312,0.01625432469482342,0.20223252170507214,0.04047261570598603,0.017755728180690645,0.038840655395260784,0.011815392649650761",-1
"0,0,0,0,0,0,0,-1,1,0,0,0,1,0,0,0,0,0,0,0,-1,0,0,0,0","0.007570543702684102,0.009405827024546915,0.007494073564273151,0.04213504626443374,0.10132293339450944,0.01032346868547832,0.015370497820601054,0,0,0.019117534602737633,0.0066529020417526955,0.022329280415997552,0,0.022635160969641355,0.022635160969641355,0.007264663149040299,0.03425862200810584,0.11898753536743902,0.027452779689531238,0.009482297162957865,0,0.4700619408121129,0.0146822665749025,0.015599908235833907,0.015217557543779155",1
"0,0,0,0,0,0,0,-1,1,0,0,0,1,0,0,0,0,0,0,0,-1,1,0,0,0","0.03224406275190674,0.023252929869163514,0.028585601785825015,0.08439263347181745,0.0865629069262727,0.022136789235443665,0.06349600049606251,0,0,0.046877906616233644,0.030197804923420352,0.07819185217337385,0,0.0488621566317356,0.04328145346313635,0.021330687666645996,0.09933651640106654,0.10336702424505488,0.0643641098778446,0.025113164258696596,0,0,0.02207478142245923,0.04774601599801575,0.028585601785825015",-1
"0,0,0,0,0,0,0,-1,1,0,0,0,1,0,0,0,0,-1,0,0,-1,1,0,0,0","0.004378434065934066,0.004721840659340659,0.0018028846153846155,0.004120879120879121,0.0028331043956043955,0.0018887362637362637,0.004893543956043956,0,0,0.004206730769230769,0.002146291208791209,0.0016311813186813187,0,0.003691620879120879,0.004464285714285714,0.0028331043956043955,0.9344951923076923,0,0.005666208791208791,0.004893543956043956,0,0,0.005151098901098901,0.002146291208791209,0.004035027472527473",1
"0,0,0,0,0,0,0,-1,1,0,0,0,1,0,0,0,1,-1,0,0,-1,1,0,0,0","0.055925624191306846,0.06316193032060191,0.0595677385345282,0.06991901087842048,0.06598936119231322,0.06244309196338717,0.060765802463219436,0,0,0.045574351847414575,0.061149182920400634,0.06277854986342071,0,0.046436957876072264,0.04475966837590454,0.05712368811999808,0,0,0.04178846983275027,0.04768294436191115,0,0,0.05832175204868932,0.04600565486174342,0.050606220347917764",-1
"0,0,0,-1,0,0,0,-1,1,0,0,0,1,0,0,0,1,-1,0,0,-1,1,0,0,0","0.004806851948959972,0.003146303093864709,0.003146303093864709,0,0.9438035308512498,0.0032337004020276177,0.004806851948959972,0,0,0.002971508477538892,0.0017479461632581717,0.005593427722426149,0,0.004457262716308337,0.001660548855095263,0.0028841111693759833,0,0,0.004981646565285789,0.0020101380877468973,0,0,0.0030589057857018003,0.004195070791819612,0.0034958923265163435",1
"0,0,0,0,0,0,0,0,0,0,0,0,0,0,0,0,0,0,0,0,0,0,0,0,0","0.008521303258145364,0.0106265664160401,0.021152882205513784,0.01664160401002506,0.05092731829573935,0.006416040100250627,0.05283208020050125,0.049523809523809526,0.10666666666666667,0.053032581453634084,0.009924812030075189,0.07268170426065163,0.07308270676691729,0.08240601503759398,0.02636591478696742,0.036591478696741855,0.011027568922305764,0.07769423558897243,0.02095238095238095,0.02275689223057644,0.08521303258145363,0.02636591478696742,0.01944862155388471,0.013433583959899749,0.045714285714285714",-1
"0,0,0,0,0,0,0,0,-1,0,0,0,0,0,0,0,0,0,0,0,0,0,0,0,0","0.01576086956521739,0.03414855072463768,0.04556159420289855,0.030072463768115943,0.035960144927536235,0.022554347826086958,0.03242753623188406,0.05769927536231884,0,0.04221014492753623,0.018931159420289854,0.06965579710144927,0.06213768115942029,0.042844202898550725,0.02835144927536232,0.07028985507246377,0.12708333333333333,0.042663043478260866,0.06947463768115943,0.019746376811594205,0.08740942028985507,0.017119565217391303,0.01621376811594203,0.0038043478260869567,0.007880434782608695",1
"0,0,0,0,0,0,0,0,-1,0,0,0,0,0,0,0,1,0,0,0,0,0,0,0,0","0.0076449912126537786,0.03374340949033392,0.04630931458699473,0.01898066783831283,0.024428822495606326,0.012126537785588752,0.04094903339191564,0.29490333919156414,0,0.042794376098418276,0.009753954305799648,0.22469244288224957,0.04534270650263621,0.01124780316344464,0.01757469244288225,0.005536028119507909,0,0.023110720562390157,0.013620386643233744,0.022319859402460458,0.01054481546572935,0.030052724077328646,0.01476274165202109,0.027680140597539545,0.0218804920913884",-1
"0,0,0,0,0,0,0,-1,-1,0,0,0,0,0,0,0,1,0,0,0,0,0,0,0,0","0.02032398380080996,0.040347982600869955,0.028048597570121493,0.012824358782060896,0.10769461526923654,0.041997900104994754,0.1855407229638518,0,0,0.13326833658317083,0.10544472776361181,0.06337183140842959,0.011699415029248537,0.024823758812059397,0.01949902504874756,0.022423878806059696,0,0.018074096295185242,0.015974201289935503,0.013049347532623368,0.08227088645567722,0.020773961301934905,0.013649317534123294,0.015974201289935503,0.0029248537573121343",1
"0,0,0,0,0,0,1,-1,-1,0,0,0,0,0,0,0,1,0,0,0,0,0,0,0,0","0.007227174174897615,0.007789287721834097,0.011242270938729624,0.005380229663534891,0.0035332851521721674,0.006263550951577933,0,0,0,0.008512005139323858,0.005380229663534891,0.8777001525736771,0.008431703204047217,0.006183249016301293,0.005380229663534891,0.004015096763832008,0,0.004256002569661929,0.004416606440215209,0.003372681281618887,0.004256002569661929,0.012607403838432505,0.007146872239620975,0.004015096763832008,0.002890869669959046",-1
"0,0,0,0,0,0,1,-1,-1,0,0,-1,0,0,0,0,1,0,0,0,0,0,0,0,0","0.01951219512195122,0.034959349593495934,0.03572453371592539,0.019703491152558584,0.10760401721664276,0.02075561932089909,0,0,0,0.15471066475370637,0.06532759445241511,0,0.04380679100908656,0.028646580583452895,0.06829268292682927,0.06006695361071258,0,0.02462936394069823,0.06154949784791965,0.0452415112386418,0.059493065518890484,0.04658058345289335,0.036920133907221424,0.03926351028216164,0.027211860353897655",1
"0,0,0,0,0,0,1,-1,-1,1,0,-1,0,0,0,0,1,0,0,0,0,0,0,0,0","0.008096246973365617,0.006658595641646489,0.00537227602905569,0.008247578692493946,0.8550242130750605,0.00211864406779661,0,0,0,0,0.010366222760290558,0,0.004766949152542373,0.013392857142857142,0.01059322033898305,0.01157687651331719,0,0.008852905569007264,0.013544188861985473,0.0069612590799031475,0.014225181598062953,0.0076422518159806295,0.005977602905569007,0.001967312348668281,0.004615617433414043",-1
"0,0,0,0,-1,0,1,-1,-1,1,0,-1,0,0,0,0,1,0,0,0,0,0,0,0,0","0.04341697208908937,0.06009773517526548,0.05699652288318767,0.04985433699840241,0,0.05107602668922094,0,0,0,0,0.06592425523916925,0,0.0506531341039376,0.04905553989286721,0.05422422704633023,0.07090499013250634,0,0.05897002161450991,0.0506531341039376,0.05737242740343953,0.06089653228080068,0.05972183065501362,0.05934592613476177,0.05582182125740062,0.04501456630015976",1
"0,0,0,0,-1,0,1,-1,-1,1,0,-1,0,0,0,1,1,0,0,0,0,0,0,0,0","0.004872955099199443,0.0032196310476853463,0.0051340062652279845,0.00713539853811347,0,0.005743125652627915,0,0,0,0,0.9323877479986077,0,0.003567699269056735,0.003480682213713888,0.0051340062652279845,0,0,0.004176818656456666,0.0016533240515140967,0.0036547163243995824,0.004437869822485207,0.00435085276714236,0.00435085276714236,0.0030455969369996517,0.0036547163243995824",-1
"0,0,0,0,0,0,0,0,0,0,0,0,0,0,0,0,0,0,0,0,0,0,0,0,0","0.01664160401002506,0.02506265664160401,0.010927318295739348,0.027468671679197997,0.043909774436090225,0.04581453634085213,0.017142857142857144,0.07137844611528822,0.1676190476190476,0.03388471177944862,0.03338345864661654,0.051328320802005015,0.06696741854636591,0.07117794486215538,0.02175438596491228,0.029774436090225564,0.05573934837092732,0.035789473684210524,0.025363408521303258,0.022155388471177945,0.060651629072681706,0.0293734335839599,0.01664160401002506,0.0077192982456140355,0.012330827067669173",-1
"0,0,0,0,0,0,0,0,-1,0,0,0,0,0,0,0,0,0,0,0,0,0,0,0,0","0.014423076923076924,0.022149725274725276,0.008928571428571428,0.016569368131868132,0.06833791208791208,0.019488324175824176,0.06962568681318682,0.07597870879120878,0,0.06601991758241758,0.028846153846153848,0.1248282967032967,0.09529532967032966,0.007984203296703296,0.019660027472527472,0.06928228021978022,0.08825549450549451,0.018200549450549452,0.020518543956043956,0.017599587912087912,0.09975961538461539,0.009615384615384616,0.01090315934065934,0.016311813186813188,0.01141826923076923",1
"0,0,0,0,0,0,0,0,-1,0,0,1,0,0,0,0,0,0,0,0,0,0,0,0,0","0.014871839734056513,0.037966932026944275,0.04321581663896422,0.02449479485609308,0.0353424897209343,0.01548420960545884,0.08074534161490683,0.07540897559268656,0,0.031405826261919345,0.0129472487096492,0,0.01828361473186948,0.028518939725308372,0.023357536523488757,0.014259469862654186,0.3095967106989765,0.052663808940600125,0.01872102178287114,0.021782871139882774,0.04592774035517452,0.05108914355699414,0.02204531537048377,0.007260957046627592,0.014609395503455516",-1
"0,0,0,0,0,0,0,0,-1,0,0,1,0,0,0,0,-1,0,0,0,0,0,0,0,0","0.01768143818894725,0.018939113708663163,0.04031959754383369,0.030850040689502107,0.022638159354886438,0.015462010801213287,0.11615003329141081,0.020862617444699267,0,0.03099800251535104,0.028112746911296886,0,0.19153658356144115,0.083598431604646,0.010949175112820892,0.09321595028482652,0,0.058814825774950064,0.014648220759044166,0.033143448990160536,0.06014648220759044,0.023821853961677887,0.04031959754383369,0.028112746911296886,0.01967892283790782",1
"0,0,0,0,0,0,0,0,-1,0,0,1,1,0,0,0,-1,0,0,0,0,0,0,0,0","0.017027371101209422,0.016629535327816677,0.028882877148313175,0.002387014640356461,0.01408338637810312,0.024745385105028644,0.041136218968809674,0.04034054742202419,0,0.008911521323997454,0.0151973265436028,0,0,0.022835773392743477,0.007001909611712286,0.010502864417568428,0,0.6189528962444303,0.025461489497135583,0.008115849777211966,0.03516868236791852,0.02084659452577976,0.019732654360280075,0.008911521323997454,0.013128580521960535",-1
"0,0,0,0,0,0,0,0,-1,0,0,1,1,0,0,0,-1,-1,0,0,0,0,0,0,0","0.022974266569063574,0.017343318880567598,0.024832479306267245,0.031139140717382736,0.05169209978039304,0.02398783715299285,0.05833661805281829,0.09341742215214821,0,0.03603806520637423,0.009122135255363477,0,0,0.19905400078833269,0.046173771045666986,0.06903541866096063,0,0,0.14094262064305424,0.05670364322315446,0.05602792950053494,0.015766653527788728,0.014302607128779773,0.016836533588602962,0.016273438819753364",1
"0,0,0,0,0,0,0,0,-1,0,0,1,1,1,0,0,-1,-1,0,0,0,0,0,0,0","0.003699319325244155,0.006140870079905297,0.01383545427641314,0.007472625036993193,0.007102693104468778,0.01716484166913288,0.03055637762651672,0.008656407221071322,0,0.009840189405149453,0.007768570583012726,0,0,0,0.011171944362237349,0.013983427049422906,0,0,0.8117046463450726,0.015241195620005919,0.00643681562592483,0.00429121041728322,0.011615862681266647,0.005327019828351583,0.007990529742527374",-1
"0,0,0,0,0,0,0,0,-1,0,0,1,1,1,0,0,-1,-1,-1,0,0,0,0,0,0","0.04343053500692025,0.06619577148856966,0.0344580728296664,0.030067293466329404,0.04562592468858875,0.037989786665393974,0.07335465088531475,0.052927981673268745,0,0.03464897628024627,0.043478260869565216,0,0,0,0.14207989309406768,0.04538729537536391,0,0,0,0.11816923590893906,0.04600773158974848,0.02462654512480313,0.013888226029685487,0.06829570944494821,0.07936810957858063",1
"0,0,0,0,0,0,0,0,-1,0,0,1,1,1,1,0,-1,-1,-1,0,0,0,0,0,0","0.006712962962962963,0.007407407407407408,0.007175925925925926,0.0073302469135802465,0.004783950617283951,0.0091820987654321,0.005169753086419753,0.0047067901234567906,0,0.006327160493827161,0.006404320987654321,0,0,0,0,0.006867283950617284,0,0,0,0.8896604938271605,0.006327160493827161,0.004398148148148148,0.004243827160493827,0.011805555555555555,0.011496913580246914",-1
"0,0,0,0,0,0,0,0,-1,0,0,1,1,1,1,0,-1,-1,-1,-1,0,0,0,0,0","0.06070465743236962,0.06070465743236962,0.061541321929906107,0.06414427814446406,0.06284280003718509,0.06544575625174305,0.061122989681137864,0.06242446778841684,0,0.0650274240029748,0.06460909175420657,0,0,0,0,0.06544575625174305,0,0,0,0,0.06414427814446406,0.06023984382262713,0.06372594589569583,0.059821511573858885,0.058055219856837405",1
"0,0,0,0,0,1,0,0,-1,0,0,1,1,1,1,0,-1,-1,-1,-1,0,0,0,0,0","0.013429298692179409,0.013780391468445537,0.012024927587114894,0.009830597735451594,0.006231896778723778,0,0.014131484244711666,0.010181690511717722,0,0.012112700781181427,0.015623628543842711,0,0,0,0,0.43465285701746686,0,0,0,0,0.43465285701746686,0.005441938032124989,0.009567278153251996,0.005705257614324585,0.0026331958219959622",-1
